Date,Market_Price,Customer_A_Price,Customer A Purc Vol,Plant Daily Output,Vol_other_cust,Site Inventory
1/3/22,"1,112.00",1156.48,880,20400,45477,50000
1/4/22,"1,133.00",1155.66,960,20000,19359,49681
1/5/22,"1,159.50",1078.34,1140,21000,19824,49717
1/6/22,"1,191.40",1143.74,1080,20600,19903,49334
1/7/22,"1,188.00",1116.72,1120,20400,19326,49288
1/10/22,"1,160.00",1194.8,940,19400,18172,49576
1/11/22,"1,204.90",1204.9,1000,19400,19545,48431
1/12/22,"1,212.00",1127.16,1140,19200,19112,47379
1/13/22,"1,229.10",1278.26,920,20600,18888,48171
1/14/22,"1,237.10",1298.96,900,20800,19124,48947
1/17/22,"1,307.10",1333.24,960,19800,19695,48092
1/18/22,"1,278.70",1253.13,1040,19800,18777,48075
1/19/22,"1,233.70",1159.68,1120,20600,17951,49603
1/20/22,"1,188.70",1117.38,1120,20400,18117,50766
1/21/22,"1,143.70",1097.95,1080,19600,17901,51386
1/24/22,"1,098.70",1054.75,1080,20400,17872,52833
1/25/22,"1,053.70",1043.16,1020,20600,18602,53811
1/26/22,"1,008.70",988.53,1040,20200,17999,54973
1/27/22,994.9,1014.8,960,20400,18360,56053
1/28/22,"1,024.90",953.16,1140,20400,19573,55740
1/31/22,979.9,940.7,1080,20400,17786,57274
2/1/22,934.9,897.5,1080,20600,18317,58477
2/2/22,979.9,1028.9,900,19600,20295,56882
2/3/22,"1,024.90",1076.15,900,20800,19493,57290
2/4/22,"1,069.90",1037.8,1060,20600,19834,56995
2/7/22,"1,114.90",1048.01,1120,20800,19989,56686
2/8/22,"1,159.90",1090.31,1120,20400,20147,55819
2/9/22,"1,204.90",1216.95,980,20400,19737,55502
2/10/22,"1,249.90",1212.4,1060,19600,19330,54713
2/11/22,"1,216.00",1216,1000,20600,18485,55828
2/14/22,"1,246.00",1246,1000,20800,19659,55969
2/15/22,"1,291.00",1239.36,1080,20600,19686,55803
2/16/22,"1,320.40",1293.99,1040,20600,19813,55550
2/17/22,"1,290.40",1238.78,1080,20800,18378,56892
2/18/22,"1,270.00",1193.8,1120,19400,18320,56852
2/20/22,"1,265.10",1239.8,1040,19400,18737,56476
2/22/22,"1,247.00",1259.47,980,19400,18918,55977
2/23/22,"1,277.00",1225.92,1080,20600,19267,56230
2/24/22,"1,312.00",1259.52,1080,19800,19901,55050
2/25/22,"1,312.40",1299.28,1020,20600,19196,55434
2/28/22,"1,336.70",1350.07,980,19600,19352,54702
3/1/22,"1,373.00",1373,1000,19200,19706,53196
3/2/22,"1,418.70",1347.77,1100,20800,19822,53074
3/3/22,"1,464.40",1537.62,900,19200,19422,51952
3/4/22,"1,441.00",1455.41,980,21000,19076,52895
3/7/22,"1,456.10",1528.91,900,19200,19579,51616
3/8/22,"1,386.40",1289.35,1140,20400,18281,52596
3/9/22,"1,350.50",1282.98,1100,20600,18128,53968
3/10/22,"1,348.50",1308.05,1060,19600,18972,53536
3/11/22,"1,410.00",1424.1,980,20600,20057,53099
3/14/22,"1,410.00",1325.4,1120,21000,19190,53789
3/15/22,"1,420.00",1448.4,960,19200,19325,52704
3/16/22,"1,150.00",1092.5,1100,19800,15387,56017
3/17/22,"1,207.00",1267.35,900,19400,19942,54575
3/18/22,"1,185.30",1220.86,940,19200,18468,54367
3/21/22,"1,128.30",1071.89,1100,20200,18086,55381
3/22/22,"1,111.30",1055.74,1100,20800,18524,56557
3/23/22,"1,054.30",980.5,1140,20800,17645,58571
3/24/22,"1,020.00",999.6,1040,20400,18572,59360
3/25/22,"1,008.00",1038.24,940,20200,18966,59653
3/28/22,999.5,959.52,1080,20200,18460,60313
3/29/22,"1,054.00",990.76,1120,20200,20226,59167
3/30/22,"1,001.70",1031.75,940,20000,18437,59790
3/31/22,965.3,926.69,1080,20400,18120,60991
4/1/22,964.9,945.6,1040,19800,19182,60568
4/2/22,982.9,1022.22,920,20600,19734,60514
4/4/22,966.5,995.5,940,19200,19063,59711
4/5/22,938.4,919.63,1040,19400,18258,59813
4/6/22,881.4,890.21,980,19200,17466,60568
4/7/22,892.9,848.26,1100,19800,18868,60400
4/8/22,949.9,883.41,1140,20000,20403,58857
4/11/22,886.3,833.12,1120,21000,17348,61389
4/12/22,874.2,821.75,1120,20200,18361,62108
4/13/22,883.7,866.03,1040,20800,19016,62852
4/14/22,889,915.67,940,20400,19494,62818
4/18/22,923.9,951.62,940,19600,19556,61922
4/19/22,938.6,957.37,960,20400,19682,61680
4/20/22,995.6,965.73,1060,20200,20344,60476
4/21/22,"1,025.00",963.5,1120,20800,19181,60975
4/22/22,"1,002.60",1012.63,980,20800,18585,62210
4/25/22,"1,015.00",964.25,1100,20400,19045,62465
4/26/22,"1,034.80",962.36,1140,20400,19561,62164
4/27/22,"1,052.40",999.78,1100,19400,19703,60761
4/28/22,"1,044.80",1086.59,920,21000,18673,62168
4/29/22,"1,039.70",1029.3,1020,19400,19287,61261
5/2/22,"1,034.70",1076.09,920,19600,19289,60652
5/3/22,"1,039.50",1091.48,900,20800,18898,61654
5/4/22,"1,010.00",1040.3,940,19400,18461,61654
5/5/22,"1,020.00",989.4,1060,19200,19378,60415
5/6/22,"1,000.10",970.1,1060,20400,18249,61506
5/7/22,999,959.04,1080,19800,18979,61247
5/9/22,"1,009.00",938.37,1140,20000,19000,61107
5/10/22,"1,022.00",1032.22,980,19200,19245,60082
5/11/22,"1,007.50",1007.5,1000,20600,18540,61142
5/12/22,"1,004.00",1014.04,980,20400,18554,62008
5/13/22,920,956.8,920,19600,17030,63657
5/14/22,768.4,783.77,960,21000,15679,68018
5/16/22,787,826.35,900,19400,19460,67058
5/17/22,788,740.72,1120,19600,18644,66894
5/18/22,739.5,695.13,1120,20000,17831,67943
5/19/22,690.5,669.79,1060,20600,18121,69362
5/20/22,667.3,693.99,920,19600,18552,69491
5/23/22,651.9,619.31,1100,21000,18562,70829
5/24/22,660,613.8,1140,20600,18856,71433
5/25/22,651.8,612.69,1120,20600,18764,72149
5/26/22,683,703.49,940,20600,20099,71710
5/27/22,695.1,702.05,980,21000,19337,72393
5/29/22,700.7,707.71,980,21000,19533,72880
5/31/22,653.5,673.11,940,20800,18100,74640
6/1/22,608.6,578.17,1100,19600,18075,75065
6/2/22,598.5,598.5,1000,20400,18685,75781
6/3/22,623.3,648.23,920,19800,20167,74493
6/6/22,600.3,600.3,1000,20000,18299,75194
6/7/22,596.8,566.96,1100,20200,19079,75215
6/8/22,573,555.81,1060,19400,18432,75123
6/9/22,568.3,579.67,960,19600,18654,75109
6/10/22,555.9,533.66,1080,19800,18205,75623
6/13/22,528,506.88,1080,19800,17666,76677
6/14/22,538,559.52,920,19200,19170,75787
6/15/22,563.5,586.04,920,19400,19711,74557
6/16/22,569,591.76,920,19600,19375,73861
6/17/22,581.1,546.23,1120,19200,19404,72537
6/19/22,585.7,603.27,940,20600,18770,73427
6/21/22,610.1,604,1020,21000,19982,73425
6/22/22,611.6,593.25,1060,19800,18857,73308
6/23/22,617,610.83,1020,20400,19358,73331
6/24/22,608.6,578.17,1100,20000,18741,73489
6/27/22,611,604.89,1020,20200,19455,73214
6/28/22,617.6,611.42,1020,20600,19585,73209
6/29/22,633.6,589.25,1140,20000,19492,72577
6/30/22,663.3,696.47,900,20800,20271,72206
7/1/22,657,650.43,1020,19800,18440,72547
7/3/22,657,683.28,920,21000,18810,73817
7/5/22,640,640,1000,19600,18128,74288
7/6/22,635,654.05,940,20400,18852,74897
7/7/22,668,647.96,1060,20200,20177,73859
7/8/22,659,691.95,900,20800,18744,75015
7/11/22,661.1,647.88,1040,19600,18871,74705
7/12/22,645,657.9,960,20800,18347,76198
7/13/22,652,638.96,1040,20000,19396,75761
7/14/22,640,640,1000,20000,18650,76111
7/15/22,682,654.72,1080,20000,20627,74404
7/18/22,640.8,627.98,1040,20600,17472,76492
7/19/22,646.3,633.37,1040,19200,19163,75489
7/20/22,631.6,650.55,940,20400,18378,76571
7/21/22,623.2,629.43,980,20600,18747,77444
7/22/22,585.3,561.89,1080,20400,17845,78919
7/25/22,572.2,555.03,1060,19200,18575,78485
7/26/22,556.6,523.2,1120,20200,18482,79083
7/27/22,555.2,571.86,940,20200,19332,79010
7/28/22,536.7,536.7,1000,20800,17987,80823
7/29/22,527.1,516.56,1040,19800,18660,80923
8/1/22,534.2,502.15,1120,20400,19256,80947
8/2/22,521.2,489.93,1120,19600,18918,80510
8/3/22,493.2,468.54,1100,21000,17789,82620
8/4/22,500,475,1100,20200,19072,82648
8/5/22,579,538.47,1140,20000,22002,79506
8/8/22,621,621,1000,20000,20568,77938
8/9/22,630,655.2,920,19200,19465,76753
8/10/22,692.5,713.28,940,20400,20505,75708
8/11/22,695,701.95,980,19800,19069,75459
8/12/22,694.5,694.5,1000,19800,18796,75463
8/15/22,695,681.1,1040,20400,19014,75809
8/16/22,690,676.2,1040,20800,19243,76326
8/17/22,690,669.3,1060,19400,18620,76046
8/18/22,669.5,622.64,1140,19400,18246,76061
8/19/22,627,639.54,960,19600,17794,76907
8/22/22,610,579.5,1100,20800,18865,77742
8/23/22,620,576.6,1140,19600,19311,76890
8/24/22,608,577.6,1100,21000,18252,78538
8/25/22,608,577.6,1100,19800,18810,78428
8/26/22,608,583.68,1080,20600,18620,79328
8/29/22,630,585.9,1140,20000,19688,78501
8/30/22,630,623.7,1020,19600,19380,77701
8/31/22,630,661.5,900,19800,18620,77981
9/1/22,605,592.9,1040,19200,18626,77515
9/2/22,585.5,562.08,1080,19200,18008,77627
9/4/22,494.6,519.33,900,20800,16240,81287
9/6/22,604,573.8,1100,20800,23393,77594
9/7/22,604.5,628.68,920,19200,19206,76668
9/8/22,610,616.1,980,20600,18983,77306
9/9/22,610,573.4,1120,20800,19000,77986
9/12/22,655,674.65,940,20200,20782,76464
9/13/22,645,619.2,1080,20400,18900,76884
9/14/22,628.5,590.79,1120,20600,18704,77660
9/15/22,605.5,587.34,1060,20200,18115,78685
9/16/22,577,588.54,960,21000,18296,80430
9/19/22,572.5,538.15,1120,19800,19232,79878
9/20/22,610,573.4,1120,19600,20435,77923
9/21/22,602,595.98,1020,19200,18751,77352
9/22/22,560.5,571.71,960,19600,17690,78302
9/23/22,543,548.43,980,20400,18787,78935
9/26/22,516.5,495.84,1080,19800,18073,79583
9/27/22,538,521.86,1060,20400,19601,79322
9/28/22,525,551.25,900,20600,18921,80101
9/29/22,525,535.5,960,19600,18810,79931
9/30/22,525,509.25,1060,19200,18620,79451
10/3/22,540,529.2,1040,21000,19543,79868
10/4/22,540,567,900,20000,19380,79588
10/5/22,534,523.32,1040,20800,18789,80559
10/6/22,551,562.02,960,20800,19225,81174
10/7/22,550,539,1040,19200,18966,80369
10/10/22,550,517,1120,19200,18620,79829
10/11/22,590,607.7,940,21000,20382,79507
10/12/22,623,591.85,1100,19800,19873,78334
10/13/22,600,558,1140,20400,18109,79486
10/14/22,590,601.8,960,19600,18303,79822
10/17/22,616,616,1000,19600,19647,78775
10/18/22,615,621.15,980,19400,18589,78606
10/19/22,630,648.9,940,19600,19653,77613
10/20/22,644.5,644.5,1000,20400,19817,77195
10/21/22,643,655.86,960,19400,18766,76869
10/24/22,615,621.15,980,20800,17793,78897
10/25/22,600.5,582.49,1060,20200,18552,79485
10/26/22,600,600,1000,19600,19174,78911
10/27/22,600.5,582.49,1060,20000,19206,78645
10/28/22,598.5,568.58,1100,19600,19317,77828
10/31/22,610,628.3,940,20800,19175,78513
11/1/22,600,582,1060,20800,19069,79184
11/2/22,581,610.05,900,21000,18778,80506
11/3/22,557,557,1000,20200,17835,81871
11/4/22,538.5,543.89,980,20600,18559,82932
11/7/22,545,517.75,1100,20800,19039,83593
11/8/22,545,523.2,1080,20600,19380,83733
11/9/22,530,545.9,940,20200,18287,84706
11/10/22,530,535.3,980,20200,19000,84926
11/11/22,535,529.65,1020,20000,18799,85106
11/14/22,535,518.95,1060,20600,18810,85836
11/15/22,530,492.9,1140,20200,19012,85884
11/16/22,540,534.6,1020,19600,19738,84725
11/17/22,540,556.2,940,19400,19000,84185
11/18/22,536,552.08,940,20000,19239,84006
11/21/22,541.5,519.84,1080,20200,19005,84121
11/22/22,541.5,519.84,1080,20600,19000,84641
11/23/22,528.5,496.79,1120,20600,18354,85767
11/25/22,528.5,496.79,1120,19600,18810,85437
11/28/22,530,508.8,1080,20400,19244,85513
11/29/22,532.5,543.15,960,20800,19470,85884
11/30/22,521,510.58,1040,19600,18970,85474
12/1/22,518.5,482.21,1140,20600,18529,86405
12/2/22,510,494.7,1060,19200,18689,85857
12/5/22,500,470,1120,19200,19007,84929
12/6/22,525.5,541.27,940,20800,19589,85200
12/7/22,535,556.4,920,21000,19153,86127
12/8/22,515,509.85,1020,20600,18100,87607
12/9/22,515,494.4,1080,19400,19380,86547
12/12/22,518,518,1000,20200,19111,86636
12/13/22,513,533.52,920,19600,19007,86310
12/14/22,510,535.5,900,19600,18509,86501
12/15/22,504,488.88,1060,19200,19156,85485
12/16/22,490.5,510.12,920,19200,18681,85083
12/19/22,485,494.7,960,20800,19167,85757
12/20/22,480,460.8,1080,19600,18994,85282
12/21/22,485,499.55,940,19600,19388,84554
12/22/22,480,480,1000,21000,18804,85750
12/23/22,485,465.6,1080,20200,19198,85672
12/25/22,384,387.84,980,20400,15043,90049
12/27/22,502,517.06,940,21000,24459,85651
12/28/22,500,480,1080,21000,19304,86266
12/29/22,485.5,490.36,980,19600,18069,86817
12/30/22,496.5,476.64,1080,20600,19810,86527
1/1/23,370.7,385.53,920,20200,14566,91241
1/3/23,468.5,482.56,940,21000,24013,87288
1/4/23,475,494,920,19200,19074,86495
1/5/23,461.5,470.73,960,19200,18650,86085
1/6/23,460,464.6,980,20000,18748,86356
1/9/23,455.5,446.39,1040,20000,19194,86122
1/10/23,430,430,1000,19200,17556,86766
1/11/23,445,413.85,1140,19800,19663,85763
1/12/23,400,408,960,19200,17079,86924
1/13/23,404.5,404.5,1000,19400,19404,85921
1/15/23,435,439.35,980,19600,20243,84298
1/17/23,538.5,527.73,1040,20000,23901,79357
1/18/23,528.5,549.64,920,20000,19027,79410
1/19/23,528.5,507.36,1080,20200,19380,79150
1/20/23,529.5,492.44,1140,19200,19226,77984
1/23/23,529.5,529.5,1000,19200,19000,77184
1/24/23,564.5,530.63,1120,20400,20446,76018
1/25/23,565,525.45,1140,20000,19017,75862
1/26/23,605.5,587.34,1060,20600,20362,75040
1/27/23,589.5,548.24,1140,20400,18878,75422
1/30/23,615,621.15,980,20000,19632,74810
1/31/23,622.5,603.83,1060,19400,19422,73728
2/1/23,611,598.78,1040,19200,19029,72859
2/2/23,605,611.05,980,21000,19193,73686
2/3/23,590,601.8,960,19800,18909,73617
2/6/23,581,604.24,920,20400,18900,74197
2/7/23,559,564.59,980,20600,18091,75726
2/8/23,548,531.56,1060,19800,18816,75650
2/9/23,536,546.72,960,20200,18204,76686
2/10/23,521.5,542.36,920,20800,18296,78270
2/13/23,512.5,481.75,1120,20000,19052,78098
2/14/23,505.5,530.78,900,20400,18550,79047
2/15/23,498,498,1000,19400,18718,78729
2/16/23,497.5,477.6,1080,19200,18791,78058
2/17/23,495,514.8,920,19400,19285,77254
2/19/23,383.6,395.11,940,21000,15104,82210
2/21/23,490,514.5,900,20000,24080,77230
2/22/23,490,490,1000,19400,18620,77010
2/23/23,485.5,470.94,1060,20800,19016,77734
2/24/23,492,511.68,920,19400,19444,76770
2/27/23,502,512.04,960,20600,19766,76644
2/28/23,510.5,525.82,940,20400,19322,76782
3/1/23,477.5,458.4,1080,19600,18152,77150
3/2/23,455,423.15,1140,21000,17725,79285
3/3/23,450,432,1080,20400,18791,79814
3/6/23,460,432.4,1120,20000,19612,79082
3/7/23,460,450.8,1040,19600,18810,78832
3/8/23,460,469.2,960,19200,19000,78072
3/9/23,450,432,1080,20800,18397,79395
3/10/23,450,463.5,940,19200,19000,78655
3/13/23,450,463.5,940,19400,18620,78495
3/14/23,440.5,453.72,940,20400,18599,79356
3/15/23,424.5,394.79,1140,19200,18690,78726
3/16/23,542,563.68,920,20000,24069,73737
3/17/23,545.5,512.77,1120,19400,19503,72514
3/20/23,537.5,526.75,1040,20600,18911,73163
3/21/23,538,559.52,920,20800,19208,73835
3/22/23,529,523.71,1020,20200,18492,74523
3/23/23,512.5,522.75,960,20800,18027,76336
3/24/23,510,484.5,1100,20600,19097,76739
3/27/23,507,517.14,960,20000,18508,77270
3/28/23,490.5,505.22,940,19800,18762,77369
3/29/23,484,450.12,1140,20000,19128,77100
3/30/23,485,499.55,940,20200,19229,77131
3/31/23,483,487.83,980,20800,18732,78220
4/3/23,487,487,1000,19400,18777,77842
4/4/23,490,494.9,980,19200,19307,76755
4/5/23,499.5,524.48,900,20600,18988,77467
4/6/23,492.5,512.2,920,19200,18734,77013
4/10/23,492.5,497.43,980,19600,19000,76633
4/11/23,499.5,484.52,1060,19400,19080,75893
4/12/23,507,532.35,900,19200,18905,75288
4/13/23,520,520,1000,20200,19297,75191
4/14/23,522,485.46,1140,20000,18883,75167
4/17/23,522,511.56,1040,20600,19190,75537
4/18/23,496,510.88,940,20600,18054,77144
4/19/23,500,520,920,19800,19343,76681
4/20/23,500.5,525.53,900,20400,18829,77352
4/21/23,496.5,516.36,920,19200,18848,76783
4/24/23,488,483.12,1020,20800,18865,77699
4/25/23,480.5,504.53,900,19600,18328,78071
4/26/23,466,438.04,1120,20600,18807,78744
4/27/23,469,483.07,940,19600,19312,78092
4/28/23,461,451.78,1040,19400,18486,77966
5/1/23,450,432,1080,20400,18167,79119
5/2/23,449.5,454,980,20600,19359,79380
5/3/23,446,432.62,1060,20800,18662,80458
5/4/23,455,450.45,1020,20400,19003,80835
5/5/23,453,421.29,1140,21000,19106,81588
5/8/23,461,461,1000,19800,18956,81433
5/9/23,447.5,451.98,980,20200,18254,82399
5/10/23,445,462.8,920,20000,19274,82205
5/11/23,448.5,452.99,980,20600,19339,82486
5/12/23,440,422.4,1080,19600,18830,82176
5/15/23,434,434,1000,20400,19121,82455
5/16/23,505.5,475.17,1120,19800,21750,79385
5/17/23,503,492.94,1040,20400,18526,80219
5/18/23,503.5,493.43,1040,19600,18829,79950
5/19/23,501.5,496.49,1020,20800,19115,80615
5/22/23,502,527.1,900,20200,18829,81087
5/23/23,497.5,467.65,1120,19200,18640,80527
5/24/23,496.5,501.47,980,19400,18962,79985
5/25/23,489,464.55,1100,20400,18333,80952
5/26/23,487,482.13,1020,19800,18542,81190
5/30/23,482.5,472.85,1040,19400,18634,80915
5/31/23,478.5,483.29,980,20800,19032,81703
6/1/23,483,478.17,1020,19400,19559,80524
6/2/23,481.5,505.58,900,19200,18561,80263
6/5/23,485,451.05,1140,21000,18948,81175
6/6/23,492.5,458.03,1140,20800,19484,81351
6/7/23,507,486.72,1080,20000,19179,81092
6/8/23,515,530.45,940,20400,19110,81442
6/9/23,510,510,1000,20400,18436,82407
6/12/23,510,535.5,900,19200,19190,81517
6/13/23,528,543.84,940,20000,20051,80526
6/14/23,523,486.39,1140,19200,18820,79766
6/15/23,525,514.5,1040,20000,19073,79653
6/16/23,525,540.75,940,21000,19000,80713
6/20/23,538.5,511.58,1100,20000,19109,80505
6/21/23,549,532.53,1060,21000,19560,80884
6/22/23,554,559.54,980,19600,18983,80521
6/23/23,559.5,553.91,1020,19800,19189,80112
6/26/23,556,567.12,960,19400,19071,79481
6/27/23,550.5,528.48,1080,20800,18812,80389
6/28/23,539,517.44,1080,19200,18223,80286
6/29/23,534,507.3,1100,20000,19014,80172
6/30/23,531,515.07,1060,21000,19083,81029
7/3/23,524,539.72,940,19800,18370,81520
7/5/23,529,555.45,900,20000,18801,81818
7/6/23,531.5,515.56,1060,20000,18900,81859
7/7/23,540,550.8,960,19800,19684,81015
7/10/23,560.5,571.71,960,20000,19721,80333
7/11/23,561.5,544.66,1060,21000,19224,81050
7/12/23,562,578.86,940,19800,19017,80893
7/13/23,565,593.25,900,20400,19291,81101
7/14/23,564,592.2,900,21000,19156,82045
7/17/23,585,602.55,940,20800,19517,82387
7/18/23,579,602.16,920,20800,18425,83842
7/19/23,549,510.57,1140,19200,18016,83887
7/20/23,545.5,556.41,960,20000,18879,84048
7/21/23,546.5,568.36,920,20400,19035,84493
7/24/23,540,561.6,920,20800,18774,85599
7/25/23,526,520.74,1020,19200,18507,85272
7/26/23,519,508.62,1040,20000,18367,85864
7/27/23,518,518,1000,20200,18773,86291
7/28/23,516.5,506.17,1040,20800,19325,86726
7/31/23,511.5,491.04,1080,19400,18436,86610
8/1/23,505.5,530.78,900,19200,18777,86133
8/2/23,501,501,1000,19400,18451,86082
8/3/23,497.5,482.58,1060,21000,18487,87535
8/4/23,495.5,460.82,1140,20800,18544,88651
8/5/23,495.5,520.28,900,20000,19000,88751
8/7/23,495.5,520.28,900,20200,19190,88861
8/8/23,499.5,469.53,1120,21000,18963,89778
8/9/23,496.5,511.4,940,19200,18696,89342
8/10/23,495,495,1000,20000,18753,89589
8/11/23,495,514.8,920,21000,18810,90859
8/12/23,496,466.24,1120,19200,19038,89901
8/14/23,498.5,488.53,1040,20200,19476,89585
8/15/23,511.5,506.39,1020,20800,19115,90250
8/16/23,530,535.3,980,20800,19877,90192
8/17/23,520,514.8,1020,19800,18262,90711
8/18/23,534,528.66,1020,20400,19892,90199
8/19/23,534.5,497.09,1140,19200,19398,88862
8/21/23,534.5,523.81,1040,20600,18810,89612
8/22/23,529,491.97,1140,19800,18614,89657
8/23/23,530,540.6,960,19400,19226,88871
8/24/23,529,534.29,980,19600,18964,88527
8/25/23,516,510.84,1020,19800,18533,88774
8/26/23,516,536.64,920,19400,19000,88254
8/28/23,510.5,500.29,1040,21000,18607,89606
8/29/23,515,494.4,1080,20000,19357,89169
8/30/23,510,530.4,920,20200,18626,89823
8/31/23,509,478.46,1120,20600,18773,90531
9/1/23,503.5,468.26,1140,19800,18985,90206
9/5/23,502.5,507.53,980,21000,19152,91074
9/6/23,502,476.9,1100,20600,19171,91403
9/7/23,500.5,465.47,1140,20600,18943,91919
9/8/23,508.5,493.25,1060,19200,18924,91136
9/9/23,509.5,534.98,900,19800,18657,91378
9/11/23,515,525.3,960,19400,19205,90613
9/12/23,510,499.8,1040,19200,18436,90338
9/13/23,506,511.06,980,20600,19231,90727
9/14/23,495.5,515.32,920,19800,18606,91001
9/15/23,491,461.54,1120,20600,18447,92034
9/16/23,500.5,465.47,1140,20800,18988,92706
9/18/23,494.5,459.89,1140,19800,19152,92214
9/19/23,488.5,459.19,1120,19800,18769,92124
9/20/23,482.5,492.15,960,19600,18387,92378
9/21/23,479,479,1000,20000,19242,92135
9/22/23,482.5,506.63,900,20000,19519,91717
9/23/23,482.5,463.2,1080,19400,19000,91037
9/25/23,493,473.28,1080,20800,19033,91723
9/26/23,494,484.12,1040,20800,18849,92635
9/27/23,504,509.04,980,20400,19575,92480
9/28/23,507,517.14,960,20800,18923,93397
9/29/23,501.5,526.58,900,19800,18414,93883
9/30/23,504,519.12,940,21000,19285,94658
10/2/23,497.5,477.6,1080,20200,18375,95403
10/3/23,492.5,492.5,1000,19200,18429,95174
10/4/23,497.5,517.4,920,21000,19383,95871
10/5/23,487.5,477.75,1040,19400,18808,95423
10/6/23,493,497.93,980,20800,19024,96219
10/7/23,493.5,503.37,960,19800,19399,95660
10/9/23,489.5,509.08,920,19800,19036,95504
10/10/23,501,475.95,1100,19400,19636,94167
10/11/23,507.5,532.88,900,19400,19627,93041
10/12/23,504.5,479.28,1100,19600,18508,93033
10/13/23,506.5,481.18,1100,19200,19265,91868
10/14/23,506,511.06,980,20400,18601,92687
10/16/23,501.5,481.44,1080,19200,18451,92356
10/17/23,500.5,490.49,1040,19800,18772,92343
10/18/23,501.5,466.4,1140,19400,19038,91565
10/19/23,498,478.08,1080,20400,18487,92398
10/20/23,488,478.24,1040,20600,18998,92960
10/21/23,488,497.76,960,19800,19000,92800
10/23/23,482.5,448.73,1140,20200,18406,93454
10/24/23,479.5,465.12,1060,20200,19072,93522
10/25/23,482,506.1,900,20400,18719,94303
10/26/23,491.5,496.42,980,19800,19184,93938
10/27/23,491.5,481.67,1040,19200,18810,93288
10/30/23,488.5,498.27,960,19200,19074,92454
10/31/23,490,470.4,1080,19800,19248,91926
11/1/23,489.5,455.24,1140,20600,18601,92785
11/2/23,498,512.94,940,20000,18950,92895
11/3/23,509,488.64,1080,20600,19420,92996
11/4/23,508,508,1000,19800,18773,93023
11/6/23,521,536.63,940,19400,19296,92187
11/7/23,514.5,504.21,1040,19200,18573,91774
11/8/23,515.5,489.73,1100,21000,19037,92637
11/9/23,525.5,520.25,1020,19200,18989,91828
11/10/23,514,503.72,1040,20200,18584,92404
11/13/23,500,515,940,21000,18672,93792
11/14/23,489.5,504.19,940,21000,18601,95251
11/15/23,520,483.6,1140,19600,20374,93337
11/16/23,537.5,499.88,1140,20600,19829,92967
11/17/23,539.5,555.69,940,19600,19451,92177
11/18/23,538,516.48,1080,21000,19137,92960
11/20/23,546.5,551.97,980,21000,19300,93679
11/21/23,541,535.59,1020,19600,18999,93261
11/22/23,547,574.35,900,20400,19021,93740
11/23/23,547.5,531.08,1060,19400,19017,93062
11/24/23,551.5,518.41,1120,19400,18759,92584
11/27/23,546,535.08,1040,20800,19191,93153
11/28/23,539,549.78,960,19200,18946,92447
11/29/23,530,556.5,900,20200,19063,92684
11/30/23,525,504,1080,21000,19201,93403
12/1/23,525.5,509.74,1060,20400,19208,93535
12/2/23,525.5,525.5,1000,19600,19380,92755
12/4/23,524.5,540.24,940,20800,18964,93651
12/5/23,524,518.76,1020,20400,19172,93859
12/6/23,531,552.24,920,19600,19444,93096
12/7/23,530.5,546.42,940,20400,18982,93573
12/8/23,530.5,514.59,1060,19200,18810,92903
12/9/23,530,545.9,940,19400,19172,92191
12/11/23,539.5,534.11,1020,20600,19151,92621
12/12/23,536,536,1000,19200,18877,91944
12/13/23,536,503.84,1120,20600,18620,92804
12/14/23,541,513.95,1100,20600,19367,92937
12/15/23,540,518.4,1080,19800,19155,92502
12/16/23,542,520.32,1080,20400,19070,92752
12/18/23,544,516.8,1100,20800,19450,93001
12/19/23,547.5,531.08,1060,20200,18932,93209
12/20/23,555.5,549.95,1020,21000,18898,94292
12/21/23,563,585.52,920,19400,19637,93135
12/22/23,558,546.84,1040,20800,19021,93874
12/23/23,557,540.29,1060,20600,18966,94448
12/24/23,557,518.01,1140,19600,19380,93528
12/26/23,547.5,558.45,960,20600,19056,94112
12/27/23,541.5,530.67,1040,20400,18602,94870
12/28/23,547,563.41,940,19600,19573,93957
12/29/23,543.5,516.33,1100,19800,19068,93589
12/30/23,544,522.24,1080,20400,19017,93891
12/31/23,544,505.92,1140,20600,18810,94541
1/2/24,549,543.51,1020,20600,19555,94567
1/3/24,545.5,518.23,1100,20400,18499,95368
1/4/24,551.5,573.56,920,20800,19019,96229
1/5/24,551.5,545.99,1020,19400,19000,95609
1/6/24,551.5,518.41,1120,21000,19000,96489
1/8/24,550.5,522.98,1100,19400,19156,95633
1/9/24,545.5,529.14,1060,20600,18827,96346
1/10/24,537,526.26,1040,20400,18894,96812
1/11/24,526,520.74,1020,19800,18611,96981
1/12/24,528,491.04,1140,20000,19262,96579
1/13/24,559,564.59,980,20600,19926,96273
1/14/24,559,570.18,960,20000,19190,96123
1/15/24,559,553.41,1020,19200,18810,95493
1/16/24,554.5,560.05,980,19800,19227,95086
1/17/24,546.5,551.97,980,21000,19106,96000
1/18/24,547.5,542.03,1020,20200,19225,95956
1/19/24,548,520.6,1100,19200,18827,95228
1/20/24,549,565.47,940,19400,19035,94654
1/22/24,551.5,551.5,1000,19800,18897,94557
1/23/24,567.5,578.85,960,20400,19551,94446
1/24/24,565.5,565.5,1000,20000,18553,94893
1/25/24,574,568.26,1020,20000,18906,94967
1/26/24,575.5,546.73,1100,19800,18860,94808
1/27/24,575.5,587.01,960,20200,18810,95238
1/29/24,579,596.37,940,20000,19496,94802
1/30/24,569.5,586.59,940,20800,18878,95784
1/31/24,561.5,583.96,920,20400,18923,96341
2/1/24,555.5,566.61,960,20000,18987,96394
2/2/24,557,518.01,1140,20600,18671,97182
2/3/24,558.5,519.41,1140,19200,19241,96001
2/5/24,553.5,525.83,1100,20200,18450,96651
2/6/24,554.5,571.14,940,21000,18654,98057
2/7/24,554,559.54,980,19600,18793,97884
2/8/24,550.5,567.02,940,20800,18500,99244
2/9/24,552.5,530.4,1080,20000,18879,99285
2/12/24,552.5,541.45,1040,20600,19190,99655
2/13/24,552.5,519.35,1120,20800,18810,100525
2/14/24,559,575.77,940,19400,18844,100142
2/15/24,555.5,538.84,1060,19200,19071,99211
2/16/24,564,541.44,1080,21000,19291,99840
2/17/24,565,536.75,1100,21000,19414,100326
2/18/24,565,531.1,1120,20600,18810,100996
2/19/24,565,565,1000,19200,19000,100196
2/20/24,556.5,562.07,980,19400,18334,100282
2/21/24,560.5,521.27,1140,20200,18947,100395
2/22/24,564.5,536.28,1100,19800,18946,100150
2/23/24,564.5,575.79,960,19200,19380,99010
2/24/24,563.5,586.04,920,19200,19156,98133
2/26/24,567,544.32,1080,21000,19118,98935
2/27/24,564.5,575.79,960,21000,19296,99679
2/28/24,563.5,569.14,980,20000,19346,99353
2/29/24,565.5,548.54,1060,19600,18687,99205
3/1/24,569.5,535.33,1120,20600,19514,99171
3/4/24,575,552,1080,19800,19183,98708
3/5/24,574.5,603.23,900,21000,18983,99824
3/6/24,574.5,563.01,1040,19800,18810,99774
3/7/24,575.5,558.24,1060,21000,18843,100871
3/8/24,576.5,570.74,1020,19400,19033,100218
3/9/24,576,581.76,980,19200,18794,99644
3/11/24,578.5,590.07,960,20800,19462,100022
3/12/24,575,575,1000,20800,19075,100747
3/13/24,566,532.04,1120,19400,18323,100704
3/14/24,555,566.1,960,20600,18631,101714
3/15/24,560,588,900,20800,19551,102062
3/18/24,607,613.07,980,20400,20595,100888
3/19/24,607,570.58,1120,19800,19190,100378
3/20/24,608.5,638.93,900,20400,19047,100831
3/21/24,609.5,585.12,1080,19400,19411,99740
3/22/24,609,602.91,1020,19200,19364,98555
3/25/24,609,639.45,900,20000,18810,98845
3/26/24,600,564,1120,19200,18909,98016
3/27/24,585.5,608.92,920,20200,18161,99135
3/28/24,585,567.45,1060,19600,18604,99071
4/1/24,594.5,552.89,1140,19200,19309,97823
4/2/24,584,572.32,1040,20400,18854,98328
4/3/24,581.5,546.61,1120,20400,19109,98500
4/4/24,579,561.63,1060,20200,18918,98721
4/5/24,571,542.45,1100,20200,18357,99464
4/8/24,563.5,557.87,1020,19200,18370,99273
4/9/24,555.5,544.39,1040,19800,18540,99493
4/10/24,552.5,546.98,1020,20400,18897,99976
4/11/24,544.5,528.17,1060,20200,18345,100771
4/12/24,541,508.54,1120,19600,19258,99993
4/13/24,541,513.95,1100,19200,19190,98903
4/15/24,534,539.34,980,19800,18374,99349
4/16/24,527,516.46,1040,19200,18371,99138
4/17/24,520.5,499.68,1080,20200,19146,99112
4/18/24,518.5,544.43,900,20800,19307,99705
4/19/24,508.5,493.25,1060,21000,18634,101012
4/20/24,508.5,513.59,980,19200,18620,100612
4/22/24,514.5,499.07,1060,19400,19604,99348
4/23/24,509.5,524.79,940,20400,18435,100372
4/24/24,499.5,489.51,1040,19600,18437,100495
4/25/24,514.5,499.07,1060,20000,19381,100055
4/26/24,515,499.55,1060,19200,19018,99176
4/27/24,513.5,477.56,1140,20200,18945,99291
4/29/24,504.5,479.28,1100,19400,19047,98544
4/30/24,499.5,514.49,940,20400,19002,99003
5/1/24,492,482.16,1040,20800,18905,99858
5/2/24,496.5,516.36,920,20600,19554,99984
5/3/24,501,506.01,980,19400,19172,99232
5/4/24,502,491.96,1040,20800,18848,100144
5/6/24,502,502,1000,19200,19380,98964
5/7/24,498,463.14,1140,20400,19229,98996
5/8/24,500,510,960,20200,19076,99159
5/9/24,495.5,480.64,1060,19800,18639,99260
5/10/24,490.5,515.03,900,20600,18808,100152
5/13/24,483,483,1000,19800,18519,100432
5/14/24,481,495.43,940,20600,18541,101551
5/15/24,496,496,1000,20800,19973,101379
5/16/24,528.5,533.79,980,20400,20055,100744
5/17/24,527.5,511.68,1060,20800,19344,101140
5/18/24,529,518.42,1040,21000,19244,101856
5/20/24,526,547.04,920,20200,18892,102243
5/21/24,537,547.74,960,19200,19777,100706
5/22/24,538.5,516.96,1080,20000,19053,100573
5/23/24,535.5,519.44,1060,20800,18704,101609
5/24/24,529,529,1000,19800,18389,102019
5/28/24,529,529,1000,20200,18620,102599
5/29/24,528,538.56,960,19800,19344,102095
5/30/24,518,497.28,1080,21000,19020,102995
5/31/24,507.5,477.05,1120,20600,18235,104240
6/3/24,492,472.32,1080,19200,18420,103941
6/4/24,489,498.78,960,20400,19264,104116
6/5/24,494,469.3,1100,20400,19384,104032
6/6/24,506,495.88,1040,20200,19462,103731
6/7/24,512,491.52,1080,21000,19035,104615
6/10/24,510.5,474.77,1140,19800,19134,104141
6/11/24,495.5,505.41,960,21000,18632,105549
6/12/24,498,517.92,920,20800,18716,106713
6/13/24,484.5,489.35,980,19600,18105,107229
6/14/24,499.5,464.54,1140,20800,19778,107110
6/17/24,506,511.06,980,20800,18867,108063
6/18/24,502.5,467.33,1140,20200,19059,108064
6/20/24,475,456,1080,20200,17580,109604
6/21/24,454,476.7,900,20200,18540,110364
6/22/24,454.5,472.68,920,20600,18831,111213
6/24/24,459.5,454.91,1020,21000,19209,111984
6/25/24,461,428.73,1140,20400,18682,112562
6/26/24,464,450.08,1060,19200,18744,111959
6/27/24,466,447.36,1080,19400,18702,111577
6/28/24,450.5,432.48,1080,21000,18178,113319
6/29/24,452,470.08,920,19400,18873,112925
7/1/24,443,416.42,1120,20600,18812,113594
7/2/24,451,428.45,1100,21000,19153,114341
7/3/24,455.5,469.17,940,21000,18810,115591
7/5/24,449,444.51,1020,19800,18349,116022
7/8/24,443.5,443.5,1000,20000,18387,116635
7/9/24,438.5,438.5,1000,20800,18406,118029